"TypeCode","FreqCode","RefPeriodId","RefYear","RefMonth","Period","ReporterCode","ReporterISO","ReporterDesc","FlowCode","FlowDesc","PartnerCode","PartnerISO","PartnerDesc","Partner2Code","Partner2ISO","Partner2Desc","ClassificationCode","ClassificationSearchCode","IsOriginalClassification","CmdCode","CmdDesc","AggrLevel","IsLeaf","CustomsCode","CustomsDesc","MosCode","MotCode","MotDesc","QtyUnitCode","QtyUnitAbbr","Qty","IsQtyEstimated","AltQtyUnitCode","AltQtyUnitAbbr","AtlQty","IsAltQtyEstimated","NetWgt","IsNetWgtEstimated","GrossWgt","IsGrossWgtEstimated","Cifvalue","Fobvalue","PrimaryValue","LegacyEstimationFlag","IsReported","IsAggregate",
"C","A","20000101","2000","52","2000","40","AUT","Austria","X","Export","0","W00","World","0","W00","World","GG","GG","false","-2","716,718,751,752,759,761,764,771,774,776,778,525,541,542,712,792,871,874,881","0","false","C00","TOTAL CPC","0","0","TOTAL MOT","-1","n/a",,"true","-1","n/a",,"false","283882654","true",,"false",,"8852459713","8852459713","0","true","false",
"C","A","20000101","2000","52","2000","56","BEL","Belgium","X","Export","0","W00","World","0","W00","World","GG","GG","false","-2","716,718,751,752,759,761,764,771,774,776,778,525,541,542,712,792,871,874,881","0","false","C00","TOTAL CPC","0","0","TOTAL MOT","-1","n/a",,"true","-1","n/a",,"false","535355860","true",,"false",,"22494328037","22494328037","0","true","false",
"C","A","20000101","2000","52","2000","246","FIN","Finland","X","Export","0","W00","World","0","W00","World","GG","GG","false","-2","716,718,751,752,759,761,764,771,774,776,778,525,541,542,712,792,871,874,881","0","false","C00","TOTAL CPC","0","0","TOTAL MOT","-1","n/a",,"true","-1","n/a",,"false","211787253","true",,"false",,"13743601407","13743601407","0","true","false",
"C","A","20000101","2000","52","2000","251","FRA","France","X","Export","0","W00","World","0","W00","World","GG","GG","false","-2","716,718,751,752,759,761,764,771,774,776,778,525,541,542,712,792,871,874,881","0","false","C00","TOTAL CPC","0","0","TOTAL MOT","-1","n/a",,"true","-1","n/a",,"false","1637491060","true",,"false",,"69620615008","69620615008","0","true","false",
"C","A","20000101","2000","52","2000","276","DEU","Germany","X","Export","0","W00","World","0","W00","World","GG","GG","false","-2","716,718,751,752,759,761,764,771,774,776,778,525,541,542,712,792,871,874,881","0","false","C00","TOTAL CPC","0","0","TOTAL MOT","-1","n/a",,"true","-1","n/a",,"false","2345558458","true",,"false",,"102442163000","102442163000","0","true","false",
"C","A","20000101","2000","52","2000","300","GRC","Greece","X","Export","0","W00","World","0","W00","World","GG","GG","false","-2","716,718,751,752,759,761,764,771,774,776,778,525,541,542,712,792,871,874,881","0","false","C00","TOTAL CPC","0","0","TOTAL MOT","-1","n/a",,"true","-1","n/a",,"false","25525169","false",,"false",,"846505264","846505264","0","true","false",
"C","A","20000101","2000","52","2000","372","IRL","Ireland","X","Export","0","W00","World","0","W00","World","GG","GG","false","-2","716,718,751,752,759,761,764,771,774,776,778,525,541,542,712,792,871,874,881","0","false","C00","TOTAL CPC","0","0","TOTAL MOT","-1","n/a",,"true","-1","n/a",,"false","498693025.416","true","0","false","0","32910333360.299004","32910333360.299004","0","false","true",
"C","A","20000101","2000","52","2000","380","ITA","Italy","X","Export","0","W00","World","0","W00","World","GG","GG","false","-2","716,718,751,752,759,761,764,771,774,776,778,525,541,542,712,792,871,874,881","0","false","C00","TOTAL CPC","0","0","TOTAL MOT","-1","n/a",,"true","-1","n/a",,"true","1206253666","true","-19","true",,"27817641586","27817641586","0","false","false",
"C","A","20000101","2000","52","2000","528","NLD","Netherlands","X","Export","0","W00","World","0","W00","World","GG","GG","false","-2","716,718,751,752,759,761,764,771,774,776,778,525,541,542,712,792,871,874,881","0","false","C00","TOTAL CPC","0","0","TOTAL MOT","-1","n/a",,"false","-1","n/a",,"false","220530593","true",,"false",,"51163481188","51163481188","0","true","false",
"C","A","20000101","2000","52","2000","620","PRT","Portugal","X","Export","0","W00","World","0","W00","World","GG","GG","false","-2","716,718,751,752,759,761,764,771,774,776,778,525,541,542,712,792,871,874,881","0","false","C00","TOTAL CPC","0","0","TOTAL MOT","-1","n/a",,"true","-1","n/a",,"false","94495913","true",,"false",,"2091192280","2091192280","0","true","false",
"C","A","20000101","2000","52","2000","724","ESP","Spain","X","Export","0","W00","World","0","W00","World","GG","GG","false","-2","716,718,751,752,759,761,764,771,774,776,778,525,541,542,712,792,871,874,881","0","false","C00","TOTAL CPC","0","0","TOTAL MOT","-1","n/a",,"true","-1","n/a",,"false","346978140.456","true","0","false","0","11657396859.791","11657396859.791","0","false","true",
"C","A","20010101","2001","52","2001","40","AUT","Austria","X","Export","0","W00","World","0","W00","World","GG","GG","false","-2","716,718,751,752,759,761,764,771,774,776,778,525,541,542,712,792,871,874,881","0","false","C00","TOTAL CPC","0","0","TOTAL MOT","-1","n/a",,"true","-1","n/a",,"false","305893569","true",,"false",,"9246878611","9246878611","0","true","false",
"C","A","20010101","2001","52","2001","56","BEL","Belgium","X","Export","0","W00","World","0","W00","World","GG","GG","false","-2","716,718,751,752,759,761,764,771,774,776,778,525,541,542,712,792,871,874,881","0","false","C00","TOTAL CPC","0","0","TOTAL MOT","-1","n/a",,"true","-1","n/a",,"false","208809380","true",,"false",,"24953865671","24953865671","0","true","false",
"C","A","20010101","2001","52","2001","246","FIN","Finland","X","Export","0","W00","World","0","W00","World","GG","GG","false","-2","716,718,751,752,759,761,764,771,774,776,778,525,541,542,712,792,871,874,881","0","false","C00","TOTAL CPC","0","0","TOTAL MOT","-1","n/a",,"true","-1","n/a",,"false","295104168","true",,"false",,"11679146860","11679146860","0","true","false",
"C","A","20010101","2001","52","2001","251","FRA","France","X","Export","0","W00","World","0","W00","World","GG","GG","false","-2","716,718,751,752,759,761,764,771,774,776,778,525,541,542,712,792,871,874,881","0","false","C00","TOTAL CPC","0","0","TOTAL MOT","-1","n/a",,"true","-1","n/a",,"false","1633852346","true",,"false",,"68248383268","68248383268","0","true","false",
"C","A","20010101","2001","52","2001","276","DEU","Germany","X","Export","0","W00","World","0","W00","World","GG","GG","false","-2","716,718,751,752,759,761,764,771,774,776,778,525,541,542,712,792,871,874,881","0","false","C00","TOTAL CPC","0","0","TOTAL MOT","-1","n/a",,"true","-1","n/a",,"false","2516374591","true",,"false",,"111866501000","111866501000","0","true","false",
"C","A","20010101","2001","52","2001","300","GRC","Greece","X","Export","0","W00","World","0","W00","World","GG","GG","false","-2","716,718,751,752,759,761,764,771,774,776,778,525,541,542,712,792,871,874,881","0","false","C00","TOTAL CPC","0","0","TOTAL MOT","-1","n/a",,"true","-1","n/a",,"false","92993247","true",,"false",,"760983349","760983349","0","true","false",
"C","A","20010101","2001","52","2001","372","IRL","Ireland","X","Export","0","W00","World","0","W00","World","GG","GG","false","-2","716,718,751,752,759,761,764,771,774,776,778,525,541,542,712,792,871,874,881","0","false","C00","TOTAL CPC","0","0","TOTAL MOT","-1","n/a",,"true","-1","n/a",,"false","447424260.807","true","0","false","0","38246062408.075005","38246062408.075005","0","false","true",
"C","A","20010101","2001","52","2001","380","ITA","Italy","X","Export","0","W00","World","0","W00","World","GG","GG","false","-2","716,718,751,752,759,761,764,771,774,776,778,525,541,542,712,792,871,874,881","0","false","C00","TOTAL CPC","0","0","TOTAL MOT","-1","n/a",,"true","-1","n/a",,"true","1203422084","true","-19","true",,"27645267518","27645267518","0","false","false",
"C","A","20010101","2001","52","2001","528","NLD","Netherlands","X","Export","0","W00","World","0","W00","World","GG","GG","false","-2","716,718,751,752,759,761,764,771,774,776,778,525,541,542,712,792,871,874,881","0","false","C00","TOTAL CPC","0","0","TOTAL MOT","-1","n/a",,"false","-1","n/a",,"false","491038616","true",,"false",,"44409778820","44409778820","0","true","false",
"C","A","20010101","2001","52","2001","620","PRT","Portugal","X","Export","0","W00","World","0","W00","World","GG","GG","false","-2","716,718,751,752,759,761,764,771,774,776,778,525,541,542,712,792,871,874,881","0","false","C00","TOTAL CPC","0","0","TOTAL MOT","-1","n/a",,"true","-1","n/a",,"false","85404379","true",,"false",,"2194286888","2194286888","0","true","false",
"C","A","20010101","2001","52","2001","724","ESP","Spain","X","Export","0","W00","World","0","W00","World","GG","GG","false","-2","716,718,751,752,759,761,764,771,774,776,778,525,541,542,712,792,871,874,881","0","false","C00","TOTAL CPC","0","0","TOTAL MOT","-1","n/a",,"true","-1","n/a",,"false","394268183.11800003","true","0","false","0","11621393274.128","11621393274.128","0","false","true",
"C","A","20020101","2002","52","2002","40","AUT","Austria","X","Export","0","W00","World","0","W00","World","GG","GG","false","-2","716,718,751,752,759,761,764,771,774,776,778,525,541,542,712,792,871,874,881","0","false","C00","TOTAL CPC","0","0","TOTAL MOT","-1","n/a",,"true","-1","n/a",,"false","298240906","true",,"false",,"10806392108","10806392108","0","true","false",
"C","A","20020101","2002","52","2002","56","BEL","Belgium","X","Export","0","W00","World","0","W00","World","GG","GG","false","-2","716,718,751,752,759,761,764,771,774,776,778,525,541,542,712,792,871,874,881","0","false","C00","TOTAL CPC","0","0","TOTAL MOT","-1","n/a",,"true","-1","n/a",,"false","178090090","true",,"false",,"35764956685","35764956685","0","true","false",
"C","A","20020101","2002","52","2002","246","FIN","Finland","X","Export","0","W00","World","0","W00","World","GG","GG","false","-2","716,718,751,752,759,761,764,771,774,776,778,525,541,542,712,792,871,874,881","0","false","C00","TOTAL CPC","0","0","TOTAL MOT","-1","n/a",,"true","-1","n/a",,"false","222053333","true",,"false",,"11792971445","11792971445","0","true","false",
"C","A","20020101","2002","52","2002","251","FRA","France","X","Export","0","W00","World","0","W00","World","GG","GG","false","-2","716,718,751,752,759,761,764,771,774,776,778,525,541,542,712,792,871,874,881","0","false","C00","TOTAL CPC","0","0","TOTAL MOT","-1","n/a",,"true","-1","n/a",,"false","1653131749","true",,"false",,"68628569955","68628569955","0","true","false",
"C","A","20020101","2002","52","2002","276","DEU","Germany","X","Export","0","W00","World","0","W00","World","GG","GG","false","-2","716,718,751,752,759,761,764,771,774,776,778,525,541,542,712,792,871,874,881","0","false","C00","TOTAL CPC","0","0","TOTAL MOT","-1","n/a",,"true","-1","n/a",,"false","2643450552","true",,"false",,"115099778000","115099778000","0","true","false",
"C","A","20020101","2002","52","2002","300","GRC","Greece","X","Export","0","W00","World","0","W00","World","GG","GG","false","-2","716,718,751,752,759,761,764,771,774,776,778,525,541,542,712,792,871,874,881","0","false","C00","TOTAL CPC","0","0","TOTAL MOT","-1","n/a",,"true","-1","n/a",,"false","33673762","true",,"false",,"785021430","785021430","0","true","false",
"C","A","20020101","2002","52","2002","372","IRL","Ireland","X","Export","0","W00","World","0","W00","World","GG","GG","false","-2","716,718,751,752,759,761,764,771,774,776,778,525,541,542,712,792,871,874,881","0","false","C00","TOTAL CPC","0","0","TOTAL MOT","-1","n/a",,"true","-1","n/a",,"false","437750820.51600003","true","0","false","0","43173017322.173004","43173017322.173004","0","false","true",
"C","A","20020101","2002","52","2002","380","ITA","Italy","X","Export","0","W00","World","0","W00","World","GG","GG","false","-2","716,718,751,752,759,761,764,771,774,776,778,525,541,542,712,792,871,874,881","0","false","C00","TOTAL CPC","0","0","TOTAL MOT","-1","n/a",,"true","-1","n/a",,"true","1177733075","true","-19","true",,"29042458578","29042458578","0","false","false",
"C","A","20020101","2002","52","2002","528","NLD","Netherlands","X","Export","0","W00","World","0","W00","World","GG","GG","false","-2","716,718,751,752,759,761,764,771,774,776,778,525,541,542,712,792,871,874,881","0","false","C00","TOTAL CPC","0","0","TOTAL MOT","-1","n/a",,"true","-1","n/a",,"false","240443471","true",,"false",,"43347333720","43347333720","0","true","false",
"C","A","20020101","2002","52","2002","620","PRT","Portugal","X","Export","0","W00","World","0","W00","World","GG","GG","false","-2","716,718,751,752,759,761,764,771,774,776,778,525,541,542,712,792,871,874,881","0","false","C00","TOTAL CPC","0","0","TOTAL MOT","-1","n/a",,"true","-1","n/a",,"false","71267667","true",,"false",,"2061656731","2061656731","0","true","false",
"C","A","20020101","2002","52","2002","724","ESP","Spain","X","Export","0","W00","World","0","W00","World","GG","GG","false","-2","716,718,751,752,759,761,764,771,774,776,778,525,541,542,712,792,871,874,881","0","false","C00","TOTAL CPC","0","0","TOTAL MOT","-1","n/a",,"true","-1","n/a",,"false","378665173.331","true","0","false","0","13222972345.813","13222972345.813","0","false","true",
"C","A","20030101","2003","52","2003","40","AUT","Austria","X","Export","0","W00","World","0","W00","World","GG","GG","false","-2","716,718,751,752,759,761,764,771,774,776,778,525,541,542,712,792,871,874,881","0","false","C00","TOTAL CPC","0","0","TOTAL MOT","-1","n/a",,"true","-1","n/a",,"false","348095267","true",,"false",,"13247583368","13247583368","0","true","false",
"C","A","20030101","2003","52","2003","56","BEL","Belgium","X","Export","0","W00","World","0","W00","World","GG","GG","false","-2","716,718,751,752,759,761,764,771,774,776,778,525,541,542,712,792,871,874,881","0","false","C00","TOTAL CPC","0","0","TOTAL MOT","-1","n/a",,"true","-1","n/a",,"false","248638335","true",,"false",,"42029628621","42029628621","0","true","false",
"C","A","20030101","2003","52","2003","246","FIN","Finland","X","Export","0","W00","World","0","W00","World","GG","GG","false","-2","716,718,751,752,759,761,764,771,774,776,778,525,541,542,712,792,871,874,881","0","false","C00","TOTAL CPC","0","0","TOTAL MOT","-1","n/a",,"true","-1","n/a",,"false","214561961","true",,"false",,"13384436193","13384436193","0","true","false",
"C","A","20030101","2003","52","2003","251","FRA","France","X","Export","0","W00","World","0","W00","World","GG","GG","false","-2","716,718,751,752,759,761,764,771,774,776,778,525,541,542,712,792,871,874,881","0","false","C00","TOTAL CPC","0","0","TOTAL MOT","-1","n/a",,"true","-1","n/a",,"false","1623454463","true",,"false",,"76258536581","76258536581","0","true","false",
"C","A","20030101","2003","52","2003","276","DEU","Germany","X","Export","0","W00","World","0","W00","World","GG","GG","false","-2","716,718,751,752,759,761,764,771,774,776,778,525,541,542,712,792,871,874,881","0","false","C00","TOTAL CPC","0","0","TOTAL MOT","-1","n/a",,"true","-1","n/a",,"false","2637360450","true",,"false",,"132509750000","132509750000","0","true","false",
"C","A","20030101","2003","52","2003","300","GRC","Greece","X","Export","0","W00","World","0","W00","World","GG","GG","false","-2","716,718,751,752,759,761,764,771,774,776,778,525,541,542,712,792,871,874,881","0","false","C00","TOTAL CPC","0","0","TOTAL MOT","-1","n/a",,"true","-1","n/a",,"false","127406331","true",,"false",,"1270856983","1270856983","0","true","false",
"C","A","20030101","2003","52","2003","372","IRL","Ireland","X","Export","0","W00","World","0","W00","World","GG","GG","false","-2","716,718,751,752,759,761,764,771,774,776,778,525,541,542,712,792,871,874,881","0","false","C00","TOTAL CPC","0","0","TOTAL MOT","-1","n/a",,"true","-1","n/a",,"false","465619136.32600003","true","0","false","0","39270592710.45","39270592710.45","0","false","true",
"C","A","20030101","2003","52","2003","380","ITA","Italy","X","Export","0","W00","World","0","W00","World","GG","GG","false","-2","716,718,751,752,759,761,764,771,774,776,778,525,541,542,712,792,871,874,881","0","false","C00","TOTAL CPC","0","0","TOTAL MOT","-1","n/a",,"true","-1","n/a",,"true","1157967655","true","-19","true",,"31056927683","31056927683","0","false","false",
"C","A","20030101","2003","52","2003","528","NLD","Netherlands","X","Export","0","W00","World","0","W00","World","GG","GG","false","-2","716,718,751,752,759,761,764,771,774,776,778,525,541,542,712,792,871,874,881","0","false","C00","TOTAL CPC","0","0","TOTAL MOT","-1","n/a",,"true","-1","n/a",,"false","267404882","true",,"false",,"60726654486","60726654486","0","true","false",
"C","A","20030101","2003","52","2003","620","PRT","Portugal","X","Export","0","W00","World","0","W00","World","GG","GG","false","-2","716,718,751,752,759,761,764,771,774,776,778,525,541,542,712,792,871,874,881","0","false","C00","TOTAL CPC","0","0","TOTAL MOT","-1","n/a",,"true","-1","n/a",,"false","85312762","true",,"false",,"2942667485","2942667485","0","true","false",
"C","A","20030101","2003","52","2003","724","ESP","Spain","X","Export","0","W00","World","0","W00","World","GG","GG","false","-2","716,718,751,752,759,761,764,771,774,776,778,525,541,542,712,792,871,874,881","0","false","C00","TOTAL CPC","0","0","TOTAL MOT","-1","n/a",,"true","-1","n/a",,"false","744533614.434","true","0","false","0","16143969576.066002","16143969576.066002","0","false","true",
"C","A","20040101","2004","52","2004","40","AUT","Austria","X","Export","0","W00","World","0","W00","World","GG","GG","false","-2","716,718,751,752,759,761,764,771,774,776,778,525,541,542,712,792,871,874,881","0","false","C00","TOTAL CPC","0","0","TOTAL MOT","-1","n/a",,"true","-1","n/a",,"false","200604431","true",,"false",,"17363901511","17363901511","0","true","false",
"C","A","20040101","2004","52","2004","56","BEL","Belgium","X","Export","0","W00","World","0","W00","World","GG","GG","false","-2","716,718,751,752,759,761,764,771,774,776,778,525,541,542,712,792,871,874,881","0","false","C00","TOTAL CPC","0","0","TOTAL MOT","-1","n/a",,"true","-1","n/a",,"false","271683652","true",,"false",,"49453202192","49453202192","0","true","false",
"C","A","20040101","2004","52","2004","246","FIN","Finland","X","Export","0","W00","World","0","W00","World","GG","GG","false","-2","716,718,751,752,759,761,764,771,774,776,778,525,541,542,712,792,871,874,881","0","false","C00","TOTAL CPC","0","0","TOTAL MOT","-1","n/a",,"true","-1","n/a",,"false","244558742","true",,"false",,"14291461295","14291461295","0","true","false",
"C","A","20040101","2004","52","2004","251","FRA","France","X","Export","0","W00","World","0","W00","World","GG","GG","false","-2","716,718,751,752,759,761,764,771,774,776,778,525,541,542,712,792,871,874,881","0","false","C00","TOTAL CPC","0","0","TOTAL MOT","-1","n/a",,"true","-1","n/a",,"false","1594921720","true",,"false",,"87131697278","87131697278","0","true","false",
"C","A","20040101","2004","52","2004","276","DEU","Germany","X","Export","0","W00","World","0","W00","World","GG","GG","false","-2","716,718,751,752,759,761,764,771,774,776,778,525,541,542,712,792,871,874,881","0","false","C00","TOTAL CPC","0","0","TOTAL MOT","-1","n/a",,"true","-1","n/a",,"false","2829665686","true",,"false",,"171195356000","171195356000","0","true","false",
"C","A","20040101","2004","52","2004","300","GRC","Greece","X","Export","0","W00","World","0","W00","World","GG","GG","false","-2","716,718,751,752,759,761,764,771,774,776,778,525,541,542,712,792,871,874,881","0","false","C00","TOTAL CPC","0","0","TOTAL MOT","-1","n/a",,"true","-1","n/a",,"false","48094348","true",,"false",,"1546108522","1546108522","0","true","false",
"C","A","20040101","2004","52","2004","372","IRL","Ireland","X","Export","0","W00","World","0","W00","World","GG","GG","false","-2","716,718,751,752,759,761,764,771,774,776,778,525,541,542,712,792,871,874,881","0","false","C00","TOTAL CPC","0","0","TOTAL MOT","-1","n/a",,"true","-1","n/a",,"false","550856316.777","true","0","false","0","44195748252.043","44195748252.043","0","false","true",
"C","A","20040101","2004","52","2004","380","ITA","Italy","X","Export","0","W00","World","0","W00","World","GG","GG","false","-2","716,718,751,752,759,761,764,771,774,776,778,525,541,542,712,792,871,874,881","0","false","C00","TOTAL CPC","0","0","TOTAL MOT","-1","n/a",,"true","-1","n/a",,"true","1261688115","true","-19","true",,"35853109869","35853109869","0","false","false",
"C","A","20040101","2004","52","2004","528","NLD","Netherlands","X","Export","0","W00","World","0","W00","World","GG","GG","false","-2","716,718,751,752,759,761,764,771,774,776,778,525,541,542,712,792,871,874,881","0","false","C00","TOTAL CPC","0","0","TOTAL MOT","-1","n/a",,"true","-1","n/a",,"false","344599917","true",,"false",,"77345489256","77345489256","0","true","false",
"C","A","20040101","2004","52","2004","620","PRT","Portugal","X","Export","0","W00","World","0","W00","World","GG","GG","false","-2","716,718,751,752,759,761,764,771,774,776,778,525,541,542,712,792,871,874,881","0","false","C00","TOTAL CPC","0","0","TOTAL MOT","-1","n/a",,"true","-1","n/a",,"false","39594873","true",,"false",,"3380054186","3380054186","0","true","false",
"C","A","20040101","2004","52","2004","724","ESP","Spain","X","Export","0","W00","World","0","W00","World","GG","GG","false","-2","716,718,751,752,759,761,764,771,774,776,778,525,541,542,712,792,871,874,881","0","false","C00","TOTAL CPC","0","0","TOTAL MOT","-1","n/a",,"true","-1","n/a",,"false","718164722.0020001","true","0","false","0","18813695071.915","18813695071.915","0","false","true",
"C","A","20050101","2005","52","2005","40","AUT","Austria","X","Export","0","W00","World","0","W00","World","GG","GG","false","-2","716,718,751,752,759,761,764,771,774,776,778,525,541,542,712,792,871,874,881","0","false","C00","TOTAL CPC","0","0","TOTAL MOT","-1","n/a",,"true","-1","n/a",,"false","367196234","true",,"false",,"16176668292","16176668292","0","true","false",
"C","A","20050101","2005","52","2005","56","BEL","Belgium","X","Export","0","W00","World","0","W00","World","GG","GG","false","-2","716,718,751,752,759,761,764,771,774,776,778,525,541,542,712,792,871,874,881","0","false","C00","TOTAL CPC","0","0","TOTAL MOT","-1","n/a",,"true","-1","n/a",,"false","264512115","true",,"false",,"54422580088","54422580088","0","true","false",
"C","A","20050101","2005","52","2005","246","FIN","Finland","X","Export","0","W00","World","0","W00","World","GG","GG","false","-2","716,718,751,752,759,761,764,771,774,776,778,525,541,542,712,792,871,874,881","0","false","C00","TOTAL CPC","0","0","TOTAL MOT","-1","n/a",,"true","-1","n/a",,"false","250319931","true",,"false",,"17717355647","17717355647","0","true","false",
"C","A","20050101","2005","52","2005","251","FRA","France","X","Export","0","W00","World","0","W00","World","GG","GG","false","-2","716,718,751,752,759,761,764,771,774,776,778,525,541,542,712,792,871,874,881","0","false","C00","TOTAL CPC","0","0","TOTAL MOT","-1","n/a",,"true","-1","n/a",,"false","1611788214","true",,"false",,"91815756924","91815756924","0","true","false",
"C","A","20050101","2005","52","2005","276","DEU","Germany","X","Export","0","W00","World","0","W00","World","GG","GG","false","-2","716,718,751,752,759,761,764,771,774,776,778,525,541,542,712,792,871,874,881","0","false","C00","TOTAL CPC","0","0","TOTAL MOT","-1","n/a",,"true","-1","n/a",,"false","3117446028","true",,"false",,"188629048000","188629048000","0","true","false",
"C","A","20050101","2005","52","2005","300","GRC","Greece","X","Export","0","W00","World","0","W00","World","GG","GG","false","-2","716,718,751,752,759,761,764,771,774,776,778,525,541,542,712,792,871,874,881","0","false","C00","TOTAL CPC","0","0","TOTAL MOT","-1","n/a",,"false","-1","n/a",,"false","53308870","false",,"false",,"1870557425","1870557425","0","true","false",
"C","A","20050101","2005","52","2005","372","IRL","Ireland","X","Export","0","W00","World","0","W00","World","GG","GG","false","-2","716,718,751,752,759,761,764,771,774,776,778,525,541,542,712,792,871,874,881","0","false","C00","TOTAL CPC","0","0","TOTAL MOT","-1","n/a",,"true","-1","n/a",,"false","567995995.922","true","0","false","0","43106291547.40199","43106291547.40199","0","false","true",
"C","A","20050101","2005","52","2005","380","ITA","Italy","X","Export","0","W00","World","0","W00","World","GG","GG","false","-2","716,718,751,752,759,761,764,771,774,776,778,525,541,542,712,792,871,874,881","0","false","C00","TOTAL CPC","0","0","TOTAL MOT","-1","n/a",,"true","-1","n/a",,"true","1316696352","true","-19","true",,"39009995775","39009995775","0","false","false",
"C","A","20050101","2005","52","2005","528","NLD","Netherlands","X","Export","0","W00","World","0","W00","World","GG","GG","false","-2","716,718,751,752,759,761,764,771,774,776,778,525,541,542,712,792,871,874,881","0","false","C00","TOTAL CPC","0","0","TOTAL MOT","-1","n/a",,"true","-1","n/a",,"false","363266747","true",,"false",,"83368847056","83368847056","0","true","false",
"C","A","20050101","2005","52","2005","620","PRT","Portugal","X","Export","0","W00","World","0","W00","World","GG","GG","false","-2","716,718,751,752,759,761,764,771,774,776,778,525,541,542,712,792,871,874,881","0","false","C00","TOTAL CPC","0","0","TOTAL MOT","-1","n/a",,"true","-1","n/a",,"false","34804921","true",,"false",,"3414223393","3414223393","0","true","false",
"C","A","20050101","2005","52","2005","724","ESP","Spain","X","Export","0","W00","World","0","W00","World","GG","GG","false","-2","716,718,751,752,759,761,764,771,774,776,778,525,541,542,712,792,871,874,881","0","false","C00","TOTAL CPC","0","0","TOTAL MOT","-1","n/a",,"true","-1","n/a",,"false","867456908.7459999","true","0","false","0","21430614826.192","21430614826.192","0","false","true",
"C","A","20060101","2006","52","2006","40","AUT","Austria","X","Export","0","W00","World","0","W00","World","GG","GG","false","-2","716,718,751,752,759,761,764,771,774,776,778,525,541,542,712,792,871,874,881","0","false","C00","TOTAL CPC","0","0","TOTAL MOT","-1","n/a",,"true","-1","n/a",,"false","390984159","true",,"false",,"18530571001","18530571001","0","true","false",
"C","A","20060101","2006","52","2006","56","BEL","Belgium","X","Export","0","W00","World","0","W00","World","GG","GG","false","-2","716,718,751,752,759,761,764,771,774,776,778,525,541,542,712,792,871,874,881","0","false","C00","TOTAL CPC","0","0","TOTAL MOT","-1","n/a",,"true","-1","n/a",,"false","284852881","true",,"false",,"57607884373","57607884373","0","true","false",
"C","A","20060101","2006","52","2006","246","FIN","Finland","X","Export","0","W00","World","0","W00","World","GG","GG","false","-2","716,718,751,752,759,761,764,771,774,776,778,525,541,542,712,792,871,874,881","0","false","C00","TOTAL CPC","0","0","TOTAL MOT","-1","n/a",,"true","-1","n/a",,"false","272135729","true",,"false",,"18346887463","18346887463","0","true","false",
"C","A","20060101","2006","52","2006","251","FRA","France","X","Export","0","W00","World","0","W00","World","GG","GG","false","-2","716,718,751,752,759,761,764,771,774,776,778,525,541,542,712,792,871,874,881","0","false","C00","TOTAL CPC","0","0","TOTAL MOT","-1","n/a",,"true","-1","n/a",,"false","1742888886","true",,"false",,"104437471238","104437471238","0","true","false",
"C","A","20060101","2006","52","2006","276","DEU","Germany","X","Export","0","W00","World","0","W00","World","GG","GG","false","-2","716,718,751,752,759,761,764,771,774,776,778,525,541,542,712,792,871,874,881","0","false","C00","TOTAL CPC","0","0","TOTAL MOT","-1","n/a",,"true","-1","n/a",,"false","3406530862","true",,"false",,"213849552000","213849552000","0","true","false",
"C","A","20060101","2006","52","2006","300","GRC","Greece","X","Export","0","W00","World","0","W00","World","GG","GG","false","-2","716,718,751,752,759,761,764,771,774,776,778,525,541,542,712,792,871,874,881","0","false","C00","TOTAL CPC","0","0","TOTAL MOT","-1","n/a",,"true","-1","n/a",,"false","153471087","false",,"false",,"2052306215","2052306215","0","true","false",
"C","A","20060101","2006","52","2006","372","IRL","Ireland","X","Export","0","W00","World","0","W00","World","GG","GG","false","-2","716,718,751,752,759,761,764,771,774,776,778,525,541,542,712,792,871,874,881","0","false","C00","TOTAL CPC","0","0","TOTAL MOT","-1","n/a",,"true","-1","n/a",,"false","527745526.691","true","0","false","0","43839688845.586","43839688845.586","0","false","true",
"C","A","20060101","2006","52","2006","380","ITA","Italy","X","Export","0","W00","World","0","W00","World","GG","GG","false","-2","716,718,751,752,759,761,764,771,774,776,778,525,541,542,712,792,871,874,881","0","false","C00","TOTAL CPC","0","0","TOTAL MOT","-1","n/a",,"true","-1","n/a",,"true","1423517902","true","-19","true",,"40788613863","40788613863","0","false","false",
"C","A","20060101","2006","52","2006","528","NLD","Netherlands","X","Export","0","W00","World","0","W00","World","GG","GG","false","-2","716,718,751,752,759,761,764,771,774,776,778,525,541,542,712,792,871,874,881","0","false","C00","TOTAL CPC","0","0","TOTAL MOT","-1","n/a",,"true","-1","n/a",,"false","391215779","true",,"false",,"91266444108","91266444108","0","true","false",
"C","A","20060101","2006","52","2006","620","PRT","Portugal","X","Export","0","W00","World","0","W00","World","GG","GG","false","-2","716,718,751,752,759,761,764,771,774,776,778,525,541,542,712,792,871,874,881","0","false","C00","TOTAL CPC","0","0","TOTAL MOT","-1","n/a",,"true","-1","n/a",,"false","92124774","true",,"false",,"3912928953","3912928953","0","true","false",
"C","A","20060101","2006","52","2006","724","ESP","Spain","X","Export","0","W00","World","0","W00","World","GG","GG","false","-2","716,718,751,752,759,761,764,771,774,776,778,525,541,542,712,792,871,874,881","0","false","C00","TOTAL CPC","0","0","TOTAL MOT","-1","n/a",,"true","-1","n/a",,"false","619244417.1600001","true","0","false","0","22897809282.582","22897809282.582","0","false","true",
"C","A","20070101","2007","52","2007","40","AUT","Austria","X","Export","0","W00","World","0","W00","World","GG","GG","false","-2","716,718,751,752,759,761,764,771,774,776,778,525,541,542,712,792,871,874,881","0","false","C00","TOTAL CPC","0","0","TOTAL MOT","-1","n/a",,"true","-1","n/a",,"false","471115500","true",,"false",,"21843253978","21843253978","0","true","false",
"C","A","20070101","2007","52","2007","56","BEL","Belgium","X","Export","0","W00","World","0","W00","World","GG","GG","false","-2","716,718,751,752,759,761,764,771,774,776,778,525,541,542,712,792,871,874,881","0","false","C00","TOTAL CPC","0","0","TOTAL MOT","-1","n/a",,"true","-1","n/a",,"false","272259095","true",,"false",,"69177937928","69177937928","0","true","false",
"C","A","20070101","2007","52","2007","246","FIN","Finland","X","Export","0","W00","World","0","W00","World","GG","GG","false","-2","716,718,751,752,759,761,764,771,774,776,778,525,541,542,712,792,871,874,881","0","false","C00","TOTAL CPC","0","0","TOTAL MOT","-1","n/a",,"true","-1","n/a",,"false","266647588","true",,"false",,"19705656537","19705656537","0","true","false",
"C","A","20070101","2007","52","2007","251","FRA","France","X","Export","0","W00","World","0","W00","World","GG","GG","false","-2","716,718,751,752,759,761,764,771,774,776,778,525,541,542,712,792,871,874,881","0","false","C00","TOTAL CPC","0","0","TOTAL MOT","-1","n/a",,"true","-1","n/a",,"false","700344676","true",,"false",,"110758694413","110758694413","0","true","false",
"C","A","20070101","2007","52","2007","276","DEU","Germany","X","Export","0","W00","World","0","W00","World","GG","GG","false","-2","716,718,751,752,759,761,764,771,774,776,778,525,541,542,712,792,871,874,881","0","false","C00","TOTAL CPC","0","0","TOTAL MOT","-1","n/a",,"true","-1","n/a",,"false","3472329968","true",,"false",,"236300962000","236300962000","0","true","false",
"C","A","20070101","2007","52","2007","300","GRC","Greece","X","Export","0","W00","World","0","W00","World","GG","GG","false","-2","716,718,751,752,759,761,764,771,774,776,778,525,541,542,712,792,871,874,881","0","false","C00","TOTAL CPC","0","0","TOTAL MOT","-1","n/a",,"true","-1","n/a",,"false","62193308","false",,"false",,"2144833276","2144833276","0","true","false",
"C","A","20070101","2007","52","2007","372","IRL","Ireland","X","Export","0","W00","World","0","W00","World","GG","GG","false","-2","716,718,751,752,759,761,764,771,774,776,778,525,541,542,712,792,871,874,881","0","false","C00","TOTAL CPC","0","0","TOTAL MOT","-1","n/a",,"true","-1","n/a",,"false","406138390.278","true","0","false","0","47173176308.72301","47173176308.72301","0","false","true",
"C","A","20070101","2007","52","2007","380","ITA","Italy","X","Export","0","W00","World","0","W00","World","GG","GG","false","-2","716,718,751,752,759,761,764,771,774,776,778,525,541,542,712,792,871,874,881","0","false","C00","TOTAL CPC","0","0","TOTAL MOT","-1","n/a",,"true","-1","n/a",,"true","1584679631","true","-19","true",,"45952960175","45952960175","0","false","false",
"C","A","20070101","2007","52","2007","528","NLD","Netherlands","X","Export","0","W00","World","0","W00","World","GG","GG","false","-2","716,718,751,752,759,761,764,771,774,776,778,525,541,542,712,792,871,874,881","0","false","C00","TOTAL CPC","0","0","TOTAL MOT","-1","n/a",,"true","-1","n/a",,"false","1432951235","true",,"false",,"103404371704","103404371704","0","true","false",
"C","A","20070101","2007","52","2007","620","PRT","Portugal","X","Export","0","W00","World","0","W00","World","GG","GG","false","-2","716,718,751,752,759,761,764,771,774,776,778,525,541,542,712,792,871,874,881","0","false","C00","TOTAL CPC","0","0","TOTAL MOT","-1","n/a",,"true","-1","n/a",,"false","122412788","true",,"false",,"4519268550","4519268550","0","true","false",
"C","A","20070101","2007","52","2007","724","ESP","Spain","X","Export","0","W00","World","0","W00","World","GG","GG","false","-2","716,718,751,752,759,761,764,771,774,776,778,525,541,542,712,792,871,874,881","0","false","C00","TOTAL CPC","0","0","TOTAL MOT","-1","n/a",,"true","-1","n/a",,"false","220450512.732","true","0","false","0","26860251850.111","26860251850.111","0","false","true",
"C","A","20080101","2008","52","2008","40","AUT","Austria","X","Export","0","W00","World","0","W00","World","GG","GG","false","-2","716,718,751,752,759,761,764,771,774,776,778,525,541,542,712,792,871,874,881","0","false","C00","TOTAL CPC","0","0","TOTAL MOT","-1","n/a",,"true","-1","n/a",,"false","449833281","true",,"false",,"24060459348","24060459348","0","true","false",
"C","A","20080101","2008","52","2008","56","BEL","Belgium","X","Export","0","W00","World","0","W00","World","GG","GG","false","-2","716,718,751,752,759,761,764,771,774,776,778,525,541,542,712,792,871,874,881","0","false","C00","TOTAL CPC","0","0","TOTAL MOT","-1","n/a",,"true","-1","n/a",,"false","406479574","true",,"false",,"73544613261","73544613261","0","true","false",
"C","A","20080101","2008","52","2008","246","FIN","Finland","X","Export","0","W00","World","0","W00","World","GG","GG","false","-2","716,718,751,752,759,761,764,771,774,776,778,525,541,542,712,792,871,874,881","0","false","C00","TOTAL CPC","0","0","TOTAL MOT","-1","n/a",,"true","-1","n/a",,"false","241641306","true",,"false",,"21907163312","21907163312","0","true","false",
"C","A","20080101","2008","52","2008","251","FRA","France","X","Export","0","W00","World","0","W00","World","GG","GG","false","-2","716,718,751,752,759,761,764,771,774,776,778,525,541,542,712,792,871,874,881","0","false","C00","TOTAL CPC","0","0","TOTAL MOT","-1","n/a",,"true","-1","n/a",,"false","836072544","true",,"false",,"125129908033","125129908033","0","true","false",
"C","A","20080101","2008","52","2008","276","DEU","Germany","X","Export","0","W00","World","0","W00","World","GG","GG","false","-2","716,718,751,752,759,761,764,771,774,776,778,525,541,542,712,792,871,874,881","0","false","C00","TOTAL CPC","0 ","0","TOTAL MOT","-1","n/a",,"true","-1","n/a",,"false","3963345073.644","true",,"false",,"263575074787.04904","263575074787.04904","0","false","true",
"C","A","20080101","2008","52","2008","300","GRC","Greece","X","Export","0","W00","World","0","W00","World","GG","GG","false","-2","716,718,751,752,759,761,764,771,774,776,778,525,541,542,712,792,871,874,881","0","false","C00","TOTAL CPC","0","0","TOTAL MOT","-1","n/a",,"true","-1","n/a",,"false","66387799","false",,"false",,"2654275038","2654275038","0","true","false",
"C","A","20080101","2008","52","2008","372","IRL","Ireland","X","Export","0","W00","World","0","W00","World","GG","GG","false","-2","716,718,751,752,759,761,764,771,774,776,778,525,541,542,712,792,871,874,881","0","false","C00","TOTAL CPC","0","0","TOTAL MOT","-1","n/a",,"true","-1","n/a",,"false","383755771.18200004","true","0","false","0","49394539588.022995","49394539588.022995","0","false","true",
"C","A","20080101","2008","52","2008","380","ITA","Italy","X","Export","0","W00","World","0","W00","World","GG","GG","false","-2","716,718,751,752,759,761,764,771,774,776,778,525,541,542,712,792,871,874,881","0","false","C00","TOTAL CPC","0","0","TOTAL MOT","-1","n/a",,"true","-1","n/a",,"true","1476270667","true","-19","true",,"49174380628","49174380628","0","false","false",
"C","A","20080101","2008","52","2008","528","NLD","Netherlands","X","Export","0","W00","World","0","W00","World","GG","GG","false","-2","716,718,751,752,759,761,764,771,774,776,778,525,541,542,712,792,871,874,881","0","false","C00","TOTAL CPC","0","0","TOTAL MOT","-1","n/a",,"true","-1","n/a",,"false","484509544","true",,"false",,"95744977350","95744977350","0","true","false",
"C","A","20080101","2008","52","2008","620","PRT","Portugal","X","Export","0","W00","World","0","W00","World","GG","GG","false","-2","716,718,751,752,759,761,764,771,774,776,778,525,541,542,712,792,871,874,881","0","false","C00","TOTAL CPC","0","0","TOTAL MOT","-1","n/a",,"true","-1","n/a",,"false","174575954","true",,"false",,"5000377751","5000377751","0","true","false",
"C","A","20080101","2008","52","2008","724","ESP","Spain","X","Export","0","W00","World","0","W00","World","GG","GG","false","-2","716,718,751,752,759,761,764,771,774,776,778,525,541,542,712,792,871,874,881","0","false","C00","TOTAL CPC","0","0","TOTAL MOT","-1","n/a",,"true","-1","n/a",,"false","809994019.8520001","true","0","false",,"30275941387.843","30275941387.843","0","false","true",
"C","A","20090101","2009","52","2009","40","AUT","Austria","X","Export","0","W00","World","0","W00","World","GG","GG","false","-2","716,718,751,752,759,761,764,771,774,776,778,525,541,542,712,792,871,874,881","0","false","C00","TOTAL CPC","0","0","TOTAL MOT","-1","n/a",,"true","-1","n/a",,"false","323770745","true",,"false",,"20799137934","20799137934","0","true","false",
"C","A","20090101","2009","52","2009","56","BEL","Belgium","X","Export","0","W00","World","0","W00","World","GG","GG","false","-2","716,718,751,752,759,761,764,771,774,776,778,525,541,542,712,792,871,874,881","0","false","C00","TOTAL CPC","0","0","TOTAL MOT","-1","n/a",,"true","-1","n/a",,"false","313349810","true",,"false",,"71255494821","71255494821","0","true","false",
"C","A","20090101","2009","52","2009","246","FIN","Finland","X","Export","0","W00","World","0","W00","World","GG","GG","false","-2","716,718,751,752,759,761,764,771,774,776,778,525,541,542,712,792,871,874,881","0","false","C00","TOTAL CPC","0","0","TOTAL MOT","-1","n/a",,"true","-1","n/a",,"false","225569761","true",,"false",,"12914371362","12914371362","0","true","false",
"C","A","20090101","2009","52","2009","251","FRA","France","X","Export","0","W00","World","0","W00","World","GG","GG","false","-2","716,718,751,752,759,761,764,771,774,776,778,525,541,542,712,792,871,874,881","0","false","C00","TOTAL CPC","0","0","TOTAL MOT","-1","n/a",,"true","-1","n/a",,"false","382107290","true",,"false",,"110943162340","110943162340","0","true","false",
"C","A","20090101","2009","52","2009","276","DEU","Germany","X","Export","0","W00","World","0","W00","World","GG","GG","false","-2","716,718,751,752,759,761,764,771,774,776,778,525,541,542,712,792,871,874,881","0","false","C00","TOTAL CPC","0 ","0","TOTAL MOT","-1","n/a",,"true","-1","n/a",,"false","2570509283.716","true","0","false",,"227118815033.28098","227118815033.28098","0","false","true",
"C","A","20090101","2009","52","2009","300","GRC","Greece","X","Export","0","W00","World","0","W00","World","GG","GG","false","-2","716,718,751,752,759,761,764,771,774,776,778,525,541,542,712,792,871,874,881","0","false","C00","TOTAL CPC","0","0","TOTAL MOT","-1","n/a",,"false","-1","n/a",,"false","69316626","false",,"false",,"2539051632","2539051632","0","true","false",
"C","A","20090101","2009","52","2009","372","IRL","Ireland","X","Export","0","W00","World","0","W00","World","GG","GG","false","-2","716,718,751,752,759,761,764,771,774,776,778,525,541,542,712,792,871,874,881","0","false","C00","TOTAL CPC","0","0","TOTAL MOT","-1","n/a",,"true","-1","n/a",,"false","283027955.036","true","0","false","0","48065038933.139","48065038933.139","0","false","true",
"C","A","20090101","2009","52","2009","380","ITA","Italy","X","Export","0","W00","World","0","W00","World","GG","GG","false","-2","716,718,751,752,759,761,764,771,774,776,778,525,541,542,712,792,871,874,881","0","false","C00","TOTAL CPC","0","0","TOTAL MOT","-1","n/a",,"true","-1","n/a",,"true","1229198070","true","-19","true",,"42765047928","42765047928","0","false","false",
"C","A","20090101","2009","52","2009","528","NLD","Netherlands","X","Export","0","W00","World","0","W00","World","GG","GG","false","-2","716,718,751,752,759,761,764,771,774,776,778,525,541,542,712,792,871,874,881","0","false","C00","TOTAL CPC","0","0","TOTAL MOT","-1","n/a",,"false","-1","n/a",,"false","319295853","true",,"false",,"84528351184","84528351184","0","true","false",
"C","A","20090101","2009","52","2009","620","PRT","Portugal","X","Export","0","W00","World","0","W00","World","GG","GG","false","-2","716,718,751,752,759,761,764,771,774,776,778,525,541,542,712,792,871,874,881","0","false","C00","TOTAL CPC","0","0","TOTAL MOT","-1","n/a",,"true","-1","n/a",,"false","135848477","true",,"false",,"2761344759","2761344759","0","true","false",
"C","A","20090101","2009","52","2009","724","ESP","Spain","X","Export","0","W00","World","0","W00","World","GG","GG","false","-2","716,718,751,752,759,761,764,771,774,776,778,525,541,542,712,792,871,874,881","0","false","C00","TOTAL CPC","0","0","TOTAL MOT","-1","n/a",,"true","-1","n/a",,"false","601280432.381","true","0","false","0","27060008114.482002","27060008114.482002","0","false","true",
